LDAA08,ABASTECEDORA ATLANTE S.A. DE C.V.,GABINO BARREDA NO. 139 LOCAL D,DEL. CUAUHTEMOC MEXICO,DEL. CUAUHTEMOC MEXICO,6470, ,Publico, , , 
LDAA09,ADAN AQUILINO RIVERA,ANEXO MERCADO HIDALGO LOC 181 PASILLO 12,DEL. CUAUHTEMOC MEXICO,DEL. CUAUHTEMOC MEXICO,6720, ,Distribuidor Calificado, 55, , 
LAPS30,ADAN PEREZ SARABIA,MERCADO HIDALGO ZONA 18,LOCAL 170 COL. DOCTORES,DEL.CUAUHTEMOC D.F.,,,Distribuidor,55 55787117,DESA800115F64,
LCAY01,ADMINISTRACION Y CONTROL DE PERIDAS S.A.,MEDELLIN 86 DESP. 13,DEL. CUAUHTEMOC MEXICO,DEL. CUAUHTEMOC MEXICO,06700, ,Publico, , , 
LDAC01,AGUSTIN CRUZ VALENCIA,BALDERAS NO. 86,DEL. CUAUHTEMOC MEXICO,DEL. CUAUHTEMOC MEXICO,6050, ,Distribuidor Calificado, , , 
LDAM02,AL MOTOR S.A. DE C.V.,VICTORIA NO. 87-C,DEL. CUAUHTEMOC MEXICO,DEL. CUAUHTEMOC MEXICO,6050, ,Distribuidor Calificado, , , 
LALH18,ALBARRAN LOPEZ HECTOR,EZEQUIEL MONTES 68,DEL. CUAUHTEMOC MEXICO,DEL. CUAUHTEMOC MEXICO,06030, ,Publico, , , 
LAAI14,ALIANZA EN AUTOMATIZACION INDUSTRIAL S.,AYUNTAMIENTO NO. 78,DEL. CUAUHTEMOC MEXICO,DEL. CUAUHTEMOC MEXICO,06000, ,Publico, , , 
LAP27,ASELIN PROMOTORES S.A. C.V.,AV. OAXACA NO. 86 PISO 1,DEL. CUAUHTEMOC MEXICO,DEL. CUAUHTEMOC MEXICO,06700, ,Publico, , , 
LDBN01,BARRERA NIEVES EDUARDO,ARTICULO 123 # 24-216,DEL. CUAUHTEMOC MEXICO,DEL. CUAUHTEMOC MEXICO,06050, ,Distribuidor Calificado, , , 
LDBB01,BLANCA ESTELA GUZMAN BELLO,BALDERAS # 82 LOCAL B,DEL. CUAUHTEMOC MEXICO,DEL. CUAUHTEMOC MEXICO,06500, ,Distribuidor Calificado, , , 
LBER23,BLANCA ESTELA RANGEL MARTINEZ,ERNESTO PUGIBET NO. 36, LOCAL C COLCENTRO,DELG CUAUHTEMOC MEXICO D.F.,R.F.C. RAMB-6309217D5,,Distribuidor,55 188298,55180226,calormascontrol@yahoo.com.mx
LCSS15,CAF,REFORMA # 222 TORRE 1 PISO 3,DEL. CUAUHTEMOC MEXICO,DEL. CUAUHTEMOC MEXICO,06600, ,Distribuidor Calificado, , , 
LCGG03,CARLOS GUTIERREZ GALICIA,AV. BAJA CALIFORNIA NO. 252-102-A,DEL. CUAUHTEMOC MEXICO,DEL. CUAUHTEMOC MEXICO,06100, ,Publico, , , 
LCRM27,CARRERA ROBLES MARIA DE LOS ANGELES,DR. J. TERRES No. ACCESORIA A Y B ,DOCTORES,DEL. CUAUHTEMOC DF ,06720,,Distribuidor,,,
LDCM05,CENTRO DE MATERIAL ELECTRICO S.A. DE C.,VICTORIA NO. 42-A INT. 12-14-26centro,DEL. CUAUHTEMOC MEXICO,DEL. CUAUHTEMOC MEXICO,06050, ,Distribuidor Calificado, 55, , 
LCER01,CENTRO ELECTRICO RUBALCAVA S.A. C.V.,VICTORIA NO. 42,CENTRO,DEL. CUAUHTEMOC MEX. D.F.,06050,,Distribuidor,,,
LDCO04,COEL S.A. DE C.V.,VICTORIA NO. 58centro,DEL. CUAUHTEMOC MEXICO,DEL. CUAUHTEMOC MEXICO,06050, ,Distribuidor Calificado, 55, , 
LCMP21,COMERCIALIZADORA DE MATERIALES PACOR SA,JOAQUIN GARCIA ICAZABALCETA NO. 68 DEPTO,DEL. CUAUHTEMOC MEXICO,DEL. CUAUHTEMOC MEXICO,06470, ,Publico, , , 
LDCE42,COMERCIALIZADORA ELECTRICA INDUSTRIAL VA,S.A. DE C.V. REVILLAGIGEDO NO. 37,DEL. CUAUHTEMOC MEXICO,DEL. CUAUHTEMOC MEXICO,06050, ,Distribuidor Calificado, , , 
LCCE10,CONFIA ELECTRICA S.A. DE C.V.,JOSE MA. MARROQUI NO. 84 LOCALES A-B,DEL. CUAUHTEMOC MEXICO,DEL. CUAUHTEMOC MEXICO,06050, ,Distribuidor Calificado, , , 
LCAI05,CONFORT ARQUITECTONICO DE ILUMINACION S,MARROQUI 84 LOC. C,DEL. CUAUHTEMOC MEXICO,DEL. CUAUHTEMOC MEXICO,06050, ,Publico, , , 
LDIE12,CONTROL BOMBAS Y MOTORES S.A. DE C.V.,VICTORIA NO. 83 LOCAL A ORIENTEcentro,DEL. CUAUHTEMOC MEXICO,DEL. CUAUHTEMOC MEXICO,6050, ,Distribuidor Calificado, 55, , 
LD103,CONTROL INDUSTRIAL ELECTRICO  S.A. C.V.,BALDERAS No.  72 LOCAL  8 BIS,DEL. CUAUHTEMOC MEXICO,DEL. CUAUHTEMOC MEXICO,06070, ,Distribuidor, , , 
LDCI03,CONTROL INDUSTRIAL ELECTRICO S.A. DE C.,VICTORIA 111 LOCAL 5,DEL. CUAUHTEMOC MEXICO,DEL. CUAUHTEMOC MEXICO,6070, ,Cliente remisionado, , , 
LDCI10,CONTROLES E ILUMINACION S.A. C.V.,VICTORIA No.94-1,DEL. CUAUHTEMOC MEXICO,DEL. CUAUHTEMOC MEXICO,06050, ,Distribuidor Calificado, , , 
LDDM04,DISTRIBUIDORA DE MATERIALES ELECTRICOS M,LUIS MOYA NO. 63,DEL. CUAUHTEMOC MEXICO,DEL. CUAUHTEMOC MEXICO,6050, ,Distribuidor Calificado, , , 
LDEC15,DISTRIBUIDORA ELECTRICA CRUZ S.A. C.V.,BALDERAS NO. 86,CENTRO,DEL. CUAUHTEMOC MEXICO D.F.,06050,,Distribuidor,,,
LDEJ01,ELECTRICA JAPONESA S.A. C.V.,JOSE MA. MARROQUI NO. 67,DEL. CUAUHTEMOC MEXICO,DEL. CUAUHTEMOC MEXICO,06050, ,Distribuidor Calificado, , , 
LDEL01,ELECTRICA LARIOS S.A. DE C.V.,JOSE MA. MARROQUI NO. 84 A-B,DEL. CUAUHTEMOC MEXICO,DEL. CUAUHTEMOC MEXICO,06050, ,Distribuidor Calificado, , , 
LDEP11,ELECTRICA PALMA S.A. C.V.,DOCTOR OLVERA #47doctores,DEL. CUAUHTEMOC MEXICO,DEL. CUAUHTEMOC MEXICO,06720, ,Distribuidor Calificado, 55, , 
LDES01,ELECTRICA SAAVEDRA S.A. DE C.V.,JOSE MA. MARROQUI NO. 67 LOCALES 3 Y 4c,DEL. CUAUHTEMOC MEXICO,DEL. CUAUHTEMOC MEXICO,6050, ,Distribuidor Calificado, 55127022, , 
LECI12,ELECTRO CONEXION INDUSTRIAL S.A. DE C.V,REVILLAGIGEDO 78 LOC. E,COL. CENTRO,DEL. CUAUHTEMOC,MEXICO D.F.,,Autoservicio,55 55103228,PABLO MTZ.,
LDEC04,ELECTRO CONTROLES INDUSTRIALES S.A. DE ,VICTORIA NO. 90-1,DEL. CUAUHTEMOC MEXICO,DEL. CUAUHTEMOC MEXICO,06050, ,Publico, , , 
LDEM21,ELECTRO MAQUINARIA S.A. DE C.V.,VICTORIA NO. 67 B - C,DEL. CUAUHTEMOC MEXICO,DEL. CUAUHTEMOC MEXICO,06050, ,Distribuidor Calificado, , , 
LDEE09,ESPECIALISTAS ELECTRICOS RAF S.A. DE C.,VICTORIA NO. 54-1,DEL. CUAUHTEMOC MEXICO,DEL. CUAUHTEMOC MEXICO,06050, ,Distribuidor Calificado, , , 
LDEZ01,EZQUERRA ZORRILLA ALVARO,AYUNTAMIENTO #80 LOC.E ESQ.REVILLAGIGEDO,DEL. CUAUHTEMOC MEXICO,DEL. CUAUHTEMOC MEXICO,06050, ,Distribuidor Calificado, , , 
LDFR01,FERNANDO RANGEL MARTINEZ,LUIS MOYA NO. 112 -B,DEL. CUAUHTEMOC MEXICO,DEL. CUAUHTEMOC MEXICO,6070, ,Distribuidor Calificado, , , 
LDGS18,GABRIELA SUAREZ RANGEL,LUIS MOYA  74 LOCAL 3centro,DEL. CUAUHTEMOC MEXICO,DEL. CUAUHTEMOC MEXICO,06050, ,Distribuidor Calificado, 55214030, , 
LGZM06,GENARO GONZALEZ MILLAN,MERCADO HIDALGO LOCAL 122 Y 110,COL. DOCTORES,DELG. CUAUHTEMOC D.F.,,,Distribuidor,55 55780211,PABLO MTZ.,
LDCOFI01,GRACIELA ESINOSA MALDONADO,VICTORIA No. 70 ACCESORIA P.B. ,COL. CENTRO MEXICO DF ,,,,Autoservicio,,,
LGEM17,GRUPO ELECTRICO MALKO S.A. DE C.V.,MELCHOR OCAMPO 230,CUAUHTEMOC,DEL. CUAUHTEMOC D.F. ,06500,,Distribuidor,,,
LGF30,GRUPO FELAGRAM S.A. DE C.V.,DINAMARCA 67 DEP.104 P1,DEL. CUAUHTEMOC MEXICO,DEL. CUAUHTEMOC MEXICO,06600, ,Publico, , , 
LDME08,GUILLERMO ALONSO SAAVEDRA GONZALEZ,AYUNTAMIENTO NO. 35-C,DEL. CUAUHTEMOC MEXICO,DEL. CUAUHTEMOC MEXICO,6050, ,Distribuidor Calificado, , , 
LDHF01,HECTOR FRANCO CARDONA,AV. MICHOACAN  NO. 118-C,DEL. CUAUHTEMOC MEXICO,DEL. CUAUHTEMOC MEXICO,06170, ,Distribuidor Calificado, , , 
LLIAA21,INDUSTRIA ALIMENTARIA DE ATIZAPAN S DE R,RIO PANUCO 96,DEL. CUAUHTEMOC MEXICO,DEL. CUAUHTEMOC MEXICO,06000, ,Publico, , , 
LIC22,INGENIERIA CADELI S.A. DE C.V.,MANUEL MA. CONTRERAS # 62,DEL. CUAUHTEMOC MEXICO,DEL. CUAUHTEMOC MEXICO,06470, ,Publico, , , 
LCIA01,INGENIERIA EN AUTOMATIZACION Y CONTROL S,VICTORIA 106 INT. D,DEL. CUAUHTEMOC MEXICO,DEL. CUAUHTEMOC MEXICO,06050, ,Distribuidor Calificado, , , 
LCIM01,INTEGRACION MEDICA CORPORATIVO S.A. DE C,SAN LUIS POTOSI NO. 211-402,DEL. CUAUHTEMOC MEXICO,DEL. CUAUHTEMOC MEXICO,06700, ,Publico, , , 
LIS05,INTERLATINA S.A. DE C.V.,HERMOSILLO 12,DEL. CUAUHTEMOC MEXICO,DEL. CUAUHTEMOC MEXICO,06760, ,Publico, , , 
LIRM06,ISRAEL RUIZ MENDEZ,DR. GARCIA DIEGO NO. 5 BIS,DOCTORES,DEL. CUAUHTEMOC MEXICO D.F.,06720,,Publico,,,info@maximaimagen.com.mx
FJFG08,JESUS FERNANDO GARDU,SOR JUANA INES DE LA CRUZ  150-10,DEL. CUAUHTEMOC MEXICO,DEL. CUAUHTEMOC MEXICO,06400, ,Publico, , , 
LDJA03R,JORGE ARMANDO VELASCO HERRERA,Dr. BARRAGAN NO. 151 A Y B,COL. DOCTORES,DEL. CUAUHTEMOC MEX. D.F.,06800,,Distribuidor,,,
LDJA03,JORGE ARMANDO VELASCO HERRERA.,DR. BARRAGAN NO. 151 A Y B,DEL. CUAUHTEMOC MEXICO,DEL. CUAUHTEMOC MEXICO,6800, ,Distribuidor Calificado, , , 
LJLJ13,JUPITER LEONEL JIMENEZ LIRA,AV. TAMAULIPAS 203 LOCAL B,H. CONDESA,DEL. CUAUHTEMOC. D.F.,06170,,Publico,,,
LDMA09,LA MARQUESITA S.A.,DONCELES NO. 46,DEL. CUAUHTEMOC MEXICO,DEL. CUAUHTEMOC MEXICO,06010, ,Distribuidor Calificado, , , 
LANM13,LUIS ALBERTO NATARET MOLANO,VICTORIA 100 LOCAL C,DEL. CUAUHTEMOC MEXICO,DEL. CUAUHTEMOC MEXICO,06050, ,Distribuidor Calificado, , ,fusselectria@hotmail.com
LDLT02,LUNA TORRES LUIS ANGEL,DR GARCIA DIEGO # 47 ACCESORIA B,DEL. CUAUHTEMOC MEXICO,DEL. CUAUHTEMOC MEXICO,06720, ,Distribuidor Calificado, , , 
LMEI08,MANTENIMIENTO ELECTRICO INDUSTRIAL SISTE,S.A. C.V.  SALVADOR DIAZ MIRON No. 52,DEL. CUAUHTEMOC MEXICO,DEL. CUAUHTEMOC MEXICO,06400, ,Publico, , , 
LMEG25,MARIANO ESPINOSA GALICIA,MANUEL PAYNO No. 97,DEL. CUAUHTEMOC MEXICO,DEL. CUAUHTEMOC MEXICO,06800, ,Distribuidor Calificado, , , 
LDES14,MARTIN NICOLAS SARABIA DIAZ,MERCADO HIDALGO LOCAL 661,DEL. CUAUHTEMOC MEXICO,DEL. CUAUHTEMOC MEXICO,6050, ,Distribuidor Calificado, , , 
LMGL26,MARTINEZ GUTIERREZ LUZ DEL CARMEN,ZARAGOZA 133 2,DEL. CUAUHTEMOC MEXICO,DEL. CUAUHTEMOC MEXICO,06350, ,Publico, , , 
LMCA19,MILLAN CARLOS ANGEL ABELARDO,DR. ANDRADE INT. MERCADO HIDALGO PASILLO,DEL. CUAUHTEMOC MEXICO,DEL. CUAUHTEMOC MEXICO,06720, ,Distribuidor Calificado, , , 
LNSC11,NOVIDEA SISTEMAS COMPUTACIONALES S.A DE,FRANCISCO PIMENTEL 99,DEL. CUAUHTEMOC MEXICO,DEL. CUAUHTEMOC MEXICO,06470, ,Publico, , , 
LPTV18,PRODUCT TV S.A. DE C.V.,FRAY SERVANDO TERESA DE MIER NO. 143 ,LOC. 2 MEZZANINE COL. CENTRO,DEL. CUAUHTEMOC MEXICO D.F.,,,Distribuidor,,,
LDPE01,PROVEEDOR ELECTRICO CRUZ S.A. DE C.V.,VICTORIA NO. 8-B,DEL. CUAUHTEMOC MEXICO,DEL. CUAUHTEMOC MEXICO,6050, ,Distribuidor Calificado, , , 
LD104,RESIDENCIAS MEJORADAS S.A. DE C.V.,JOSE MARIA VELASCO  101-6o PISO,DEL. CUAUHTEMOC MEXICO,DEL. CUAUHTEMOC MEXICO,03900, ,Publico, , , 
LRMS20,RESONANCIA MAGNETICA DEL SANATORIO DGO. ,DURANGO NO. 296,COL. ROMA,DEL. CUAUHTEMOC D.F.,,,Autoservicio,55 51484646,MAYRA TAVERA,benjamincruz@sanatoriodurango.com
LRPN01,RICARDO PINEIRUA,MILAN  NO. 10,COL. JUAREZ MEXICO D.F.,,,,Distribuidor,,,
LDRP03,RODOLFO PALMA CHAVOLLA,AVENIDA MANUEL PAYNO NO. 97obrera,DEL. CUAUHTEMOC MEXICO,DEL. CUAUHTEMOC MEXICO,06800, ,Distribuidor Calificado, 55, , 
LDAL03,ROSA MARIA LARIOS SEGURA,VICTORIA 110-C,DEL. CUAUHTEMOC MEXICO,DEL. CUAUHTEMOC MEXICO,06050, ,Distribuidor Calificado, , , 
LRCJ11,ROSALINDA CRUZ JIMENEZ,MERCADO HIDALGO ANEXO,LOCAL 121122123COL. DOCTORES,DEL. CUAUHTEMOC D.F. ,,,Autoservicio,,PABLO MTZ.,
LDD108,SANDI SANCHEZ JUAN CARLOS,AV DIVISION DEL NORTE No  521-504,DEL. CUAUHTEMOC MEXICO,DEL. CUAUHTEMOC MEXICO,03100, ,Publico, , , 
LPSM01,SERVICIO DE MATERIALES ELECTRICOS S.A. C,LUIS MOYA No:  76 LOCAL B,DEL. CUAUHTEMOC MEXICO,DEL. CUAUHTEMOC MEXICO,06070, ,Publico, , , 
LSSIT04,SIT SOLUCION INTEGRACION EN TELECOMUNICA, C V.   MONTERREY 260-302,DEL. CUAUHTEMOC MEXICO,DEL. CUAUHTEMOC MEXICO,06760, ,Publico, , , 
LDRS05,SUAREZ RANGEL SANDRA,LUIS MOYA No. 74-9,DEL. CUAUHTEMOC MEXICO,DEL. CUAUHTEMOC MEXICO,06070, ,Distribuidor Calificado, , , 
LTME13,TECNICA EN MATERIALES ELECTRICOS S.A. D,ERNESTO PUGIBET NO. 58,DEL. CUAUHTEMOC MEXICO,DEL. CUAUHTEMOC MEXICO,06070, ,Publico, , , 
LDTS01,TOPETE SANCHEZ JOSE LUIS,VICTORIA # 110 D,DEL. CUAUHTEMOC MEXICO,DEL. CUAUHTEMOC MEXICO,06050, ,Distribuidor Calificado, , , 
LCTS01,TORRES SANCHEZ ROGELIO MARTIN,VICTORIA NO. 87-B,DEL. CUAUHTEMOC MEXICO,DEL. CUAUHTEMOC MEXICO,06050, ,Distribuidor Calificado, , , 
LFMR04,TURBO-MEX REFACC.MANTTO.Y SEG. INDL.SA ,CALLE RIO GUADIANA No. EXT. 23 No.INT.7,COL. CUAUHTEMOC,DELG. CUAUHTEMOC D.F.,06500,,Publico,55 58639780,,jrohi2012@gmail.com
LVIN15,VECA INTERNACIONAL S.A. DE C.V.,REVILLAGIGEDO NO. 61,CENTRO,DEL. CUAUHTEMOC MEX. D.F.,06070,,Publico,26197160,55 51132688,compras@international.com.mx
