FVBS01,BERNARDO SANCHEZ GARCIA,2A. NORTE OTE #1475,TUXTLA GUTIERREZ,TUXTLA GUTIERREZ,29000, ,Distribuidor Calificado, , , 
F4JC02,DISTRIBUIDORA ELECTRICA GRIJALVA S.A. D,AV. DEL CARMEN NO.546,TUXTLA GUTIERREZ,TUXTLA GUTIERREZ,29090,,Distribuidor Calificado,,,
FEAM14,EDUARDO ARTURO MOSQUEDA GARCIA,AVENIDA 1 NORTE PONIENTE 501,COL. CENTRO,TUXTLA GUTIERREZ  ,CHIAPAS,,Distribuidor,9616139031,,emosqueda75@gmail.com
FEIC24,ELECTRICIDAD INDUSTRIAL DE CHIAPAS SA C,5A PONIENTE NORTE 215,TUXTLA GUTIERREZ,TUXTLA GUTIERREZ,29000, ,Publico, , , 
FTGE01,GPO. ELECTRICO DE CONST. Y CONSULTORIA S,19 PONIENTE SUR NO. 490,TUXTLA GUTIERREZ,TUXTLA GUTIERREZ,29060, ,Distribuidor Calificado, , , 
FICS04,INDIGO CONST. Y SERV. DEL SURESTE SA CV,CALLE BURDEOS NO. 231,FRACC. LA SALLE 3RA. SECCION,TUXTLA GUTIERREZ CHIS. ,29070,,Distribuidor,,,
F4IA01,INGENIERIA SUR ACUA S.A. C.V.,5A. NORTE PONIENTE NO. 1614,TUXTLA GUTIERREZ,TUXTLA GUTIERREZ,29030,,Distribuidor Calificado,,,
F4JE01,JULIO ENRIQUE HERNANZ BURGUETE.,9A SUR PONIENTE NO. 736,TUXTLA GUTIERREZ,TUXTLA GUTIERREZ,29000,,Distribuidor Calificado,,,
F4CE03,MATERIAL ELECTRICO DE CHIAPAS S.A. DE C,1A. PONIENTE SUR NO. 747,TUXTLA GUTIERREZ,TUXTLA GUTIERREZ,29000,MARIA LUISA LARA,Publico,,,suley31@hotmail.com
F4LV01,MATERIAL ELECTRICO LA VERACRUZANA S.A. ,8A. SUR PONIENTE NO. 602,TUXTLA GUTIERREZ,TUXTLA GUTIERREZ,29000,,Distribuidor Calificado,,,
FMIP21,MATERIALES E INSTALACIONES PINEDA SA CV,CALZADA AL SUMIDERO NO. 536,FRACC. BOSQUES DEL PARQUE,TUXTLA GUTIERREZ CHIAPAS,,,Distribuidor,9616163065,,electricapineda@hotmail.com
F4MA02,MORALES ALDUCIN ILUMINACION S.A. DE C.V,AV. CENTRAL PTE. No. 1352,TUXTLA GUTIERREZ,TUXTLA GUTIERREZ,29000,,Distribuidor Calificado,,,
