FAVC25,ANTONIO VAZQUEZ CRUZ,AV. ALEMANIA 1210,COL. MODERNA,GUADALAJARA JAL,,,Distribuidor,33 36583589,PATRICIA VALDEZ,akalemania@hotmail.com
FGAD01,ARELLANO DIAZ SUSANA CATALINA,LEANDRO VALLE No. 70,GUADALAJARA,GUADALAJARA,44180, ,Distribuidor Calificado, , , 
LAIE28,ASCENCIO INDUSTRIAL ELECTRICA S.A. C.V.,AV. GOBERNADOR CURIEL 2050,OCHO DE JULIO 1A Y 2A SECCION ,JALISCO,44910,,Distribuidor,3338114899,,elias@grupoascencio.com.mx
FCVB10,CARLOS VAZQUEZ BUTRON,CHAPULTEPEC NORTE NO. 147,LADRON DE GUEVARA,GUADALAJARA JAL.,,,Distribuidor,3336154295,PATRICIA VALDEZ,electricalafayette@hotmail.com
FJCI01,CARMEN IVONNE SANCHEZ FLORES.,CIRCUNVALACION SANTA EDWUIGES NO. 1211s,GUADALAJARA,JACONA,44190, ,Distribuidor Calificado, 33, , 
FGCB01,COMERCIALIZADORA DE BOMBAS Y MAQUINARIA ,LEANDRO VALLE NO. 87,GUADALAJARA,GUADALAJARA,44100, ,Distribuidor Calificado, , , 
LDAP25,DALILA ALTAO PONCE DE LEON GUTIERREZ,HERNANDO MARTEL NO. 352,COL. LA LOMA,GUADALAJARA  JAL.,,,Autoservicio,,PATRICIA VALDEZ,bicicletasponcedeleon@yahoo.com.mx
FJDE02,DIST. ELECTRICA AREVACO SA DE CV,JOAQUIN ANGULO NO. 1575villasenor,GUADALAJARA,GUADALAJARA,44600, ,Distribuidor Calificado,36168878 , , 
FJDI01,DISTRIBUIDORA DE MATERIALES ELECTRICOS D,AV. 8 DE JULIO NO. 1031a,GUADALAJARA,GUADALAJARA,44100,SRITA. MARY,Distribuidor Calificado, 33, ,dimexa@grupoasencio.com.mx
FJDE01,DISTRIBUIDORA ELECTRICA ASCENCIO S.A. D,AV. ALEMANIA NO. 1257,GUADALAJARA,GUADALAJARA,44190, ,Distribuidor Calificado, , , 
FEMM18,EDUARDO MARTINEZ MARIN,GUTEMBERG NO. 172,COL. HIGURILLAS,GUADALAJARA JAL.,,,Distribuidor,33 11106952,PATRICIA MARIA V.,
FJEB01,ELECTRICA BRAVO GARCIA S DE RL CV,CRUZ DEL SUR 3052,JARDINES DE LA CRUZ,GUADALAJARAJALISCO,0, ,Distribuidor,013336232516, , 
FGEJD01,electrica jade,manuel acuna 2509ladron de guevara ,jalisco,GUADALAJARA,0, ,Distribuidor,36161091 36168412, , 
FJEV02,ELECTRICA VARIEDADES DE GUADALAJARA S.A,AVE. AVIACION NO. 4200,COL. NUEVA MEXICO,ZAPOPAN JALISCO,C.P. 45019, ,Distribuidor Calificado, 33, , 
FEF05,ELECTRO FER S.A. DE  C.V. ,AV. DE LA PAZ No. 1136,MEXICALTZINGO,GUADALAJARA JAL.,44180,,Distribuidor,,,
FJEI03,ELECTRO INDUSTRIAL OLIDE S.A. DE C.V.,8 DE JULIO NO. 3610-B S.J,,LOMAS DE POLA,GUADALAJARA JALISCO, ,Distribuidor Calificado,36452082, , 
FGELE01,elektron de gdl,calzada de las aguilas #920moderna cp 4,jalisco,GUADALAJARA,0, ,Distribuidor,38118571, , 
FEMI01,EQUIPAMIENTO DE MOBILIARIO INDL. S.A.CV,MESA CENTRAL 1074,COL. SAN MARCOS,GUADALAJARA JAL.,,,Publico,3336389891,,
FPGI01,GRUPO ICEC S.A. DE C.V.,PINO No 1609-A,GUADALAJARA,GUADALAJARA,44900, ,Publico, , , 
FICO25,ILUMINACION  Y CONTROL OCCIDENTE,AV. JAVIER MINA 696-A,SECTOR LIBERTAD,GUADALAJARA JAL.,,,Distribuidor,33 36181712,PATRICIA VALDEZ,
JPEC14,JORGE PERALTA CASILLAS,AV. LOPEZ MATEOS NORTE 560,LADRON DE GUEVARA,GUADALAJARA JAL.,44600,,Distribuidor,,,
FJRS18,JOSE RICARDO SAUCEDO GOMAR,MANZANO NO. 124,COL. CENTRO ,GUADALAJARA  JAL.,JALISCO,,Distribuidor,33 35865052,PATRICIA VALDEZ,saucedo_gomar@hotmail.com
FLMLB16,MA DE LA LUZ BUGARIN ARTEAGA,LEANDRO VALLLE 70,MEXICALTZINGO,GUADALAJARA JAL.,,,Distribuidor,3336133176,,atencionalclientedie@hotmail.com
FJMS01,MAGDALENA SOFIA TOVAR CALLEROS,C. MORELOS 306-B,GUADALAJARA,GUADALAJARA,47270, ,Publico, , , 
FMCC04,MARIA DEL CARMEN CIRES V,LAGO SUPERIOR 2178,LAGOS DEL COUNTRY,ZAPOPAN SECTOR HIDALGO JAL.,,,Autoservicio,3338246575,33 36073970,
FMSC09,MARIO SANCHEZ CAMARGO,LOMA CHERAN ORIENTE NO. 393,LOMA DORADA,TONALA JALISCO,45418,,Publico,,,
FJMM01,MARTINEZ MU,CALZ. INDEPENDENCIA SUR NO. 398,GUADALAJARA,GUADALAJARA,44100, ,Distribuidor Calificado, , , 
FJEM01,MIGUEL MUNIZ TORRES,CALZ. DEL CAMPESINO NO. 1159,GUADALAJARA,GUADALAJARA,44190, ,Distribuidor Calificado, , , 
FGMMT01,miguel muniz torres,calzada del campesino #1159moderna,GUADALAJARA,GUADALAJARA,0, ,Distribuidor,36192741, , 
LMBO20,MOTOBOMBAS DE OCCIDENTE S.A. DE C.V.,COM  DE ATENQUIQUE 3140,JARDINES DE SANTA ISABELA,GUADALAJARA JALISCO,MEXICO,,Distribuidor,,JOSE LUIS O,
FMSR28,MOVICLIMA S DE R.L. DE C.V.,Guayaquil No. 2823,Providencia 2da. Secc.,Guadalajara Jalisco,44630,,Publico,,,
FPVO21,PATRICIA MARIA VALDEZ ORTIZ,ARTES 2282 EDIF. B-2,COL. LOMAS DE REVOLUCION,GUADALAJARA JAL.,,,Distribuidor,3311106952,PATRICIA M. VALDEZ,
FPVJ08,PROVEJAL  S.A. DE C.V.,CHICAGO 1278,FERROCARRIL,GUADALAJARA JAL.,44460,,Distribuidor,,,
FGRBT01,rafael bravo torres,teran #331sector hidalgo,GUADALAJARA,GUADALAJARA,0, ,Distribuidor,38256131, , 
FSLS26,SANDRA LOURDES SANCHEZ FLORES,CIRCUNVALACION AGUSTIN YAÑEZ 1211,MODERNA,GUADALAJARA JALISCO,,,Distribuidor,,PATRICIA VALDEZ,
FSPR26,SILVIA PEREZ RAMON,AV. ISLA COZUMEL NO.3179,COL. JARDINES DEL SUR,GUADALAJARA JAL.,,,Autoservicio,33 1204-5868,,
FVHS26,VH SERVICIOS INTEGRALES S.A. DE C.V.,ISLAS RODAS No. 3089,COL. JARDINES DEL SUR,GUADALAJARA JAL.,,,Autoservicio,33 33311637,,vh_serviciosintegrales@yahoo.com.mx
FVHU05,VICTOR HUGO URIBE MORENO,PUERTO AGIABAMPO NO. 94,GUADALAJARA,GUADALAJARA,44320, ,Publico, , , 
FVHU17,VICTOR HUGO URIBE MORENO,PUERTO AGIABAMPO No.94,PROVIDENCIA,GUADALAJARAJAL.,44320,,Publico,,,
FYR19,YOLANDA RUVALCABA GUTIERREZ,AV. REVOLUCION NO. 1830,COL. OLIMPICA,GUADALAJARA,JALISCO,,Distribuidor,33 36358585,,unilight _gdl@gotmail.com
FZAE23,ZET APOYOS EMPRESARIALES S.A. DE C.V.,CUAUTITLAN 684 ,CHAPALITA ORIENTE,GUADALAJARA JAL.,45040,,Publico,,,
