FAVC25,ANTONIO VAZQUEZ CRUZ,AV. ALEMANIA 1210,COL. MODERNA,GUADALAJARA JAL,,,Distribuidor,33 36583589,PATRICIA VALDEZ,akalemania@hotmail.com
FGAD01,ARELLANO DIAZ SUSANA CATALINA,LEANDRO VALLE No. 70,GUADALAJARA,GUADALAJARA,44180, ,Distribuidor Calificado, , , 
FCVB10,CARLOS VAZQUEZ BUTRON,CHAPULTEPEC NORTE NO. 147,LADRON DE GUEVARA,GUADALAJARA JAL.,,,Distribuidor,3336154295,PATRICIA VALDEZ,electricalafayette@hotmail.com
FJCI01,CARMEN IVONNE SANCHEZ FLORES.,CIRCUNVALACION SANTA EDWUIGES NO. 1211s,GUADALAJARA,JACONA,44190, ,Distribuidor Calificado, 33, , 
FCAC05,CIPRIANO ALBERTO CARRILLO MORALES,MIGUEL LOPEZ DE LEGASPI NO 1637,18 DE MARZO,GUADALAJARA JAL.,44960,,Distribuidor,,,
FGCB01,COMERCIALIZADORA DE BOMBAS Y MAQUINARIA ,LEANDRO VALLE NO. 87,GUADALAJARA,GUADALAJARA,44100, ,Distribuidor Calificado, , , 
FCBG16,CORPORACION BAEZA S.A. DE C.V. ,CALLE LIBERTAD NO. 877,CENTRO,GUADALAJARA JAL.,44100,,Distribuidor,,,
FJDE02,DIST. ELECTRICA AREVACO SA DE CV,JOAQUIN ANGULO NO. 1575villasenor,GUADALAJARA,GUADALAJARA,44600, ,Distribuidor Calificado,36168878 , , 
FJDI01,DISTRIBUIDORA DE MATERIALES ELECTRICOS D,AV. 8 DE JULIO NO. 1031a,GUADALAJARA,GUADALAJARA,44100,SRITA. MARY,Distribuidor Calificado, 33, ,dimexa@grupoasencio.com.mx
FJDE01,DISTRIBUIDORA ELECTRICA ASCENCIO S.A. D,AV. ALEMANIA NO. 1257,GUADALAJARA,GUADALAJARA,44190, ,Distribuidor Calificado, , , 
FDER27,DISTRIBUIDORA ELECTRICA RACE S.A. C.V.,RAMOS MILLAN  No. 761-A,,GUADALAJARA JAL.,44600,,Distribuidor,,,
FEMM18,EDUARDO MARTINEZ MARIN,GUTEMBERG NO. 172,COL. HIGURILLAS,GUADALAJARA JAL.,,,Distribuidor,33 11106952,PATRICIA MARIA V.,
FJEB01,ELECTRICA BRAVO GARCIA S DE RL CV,CRUZ DEL SUR 3052,JARDINES DE LA CRUZ,GUADALAJARAJALISCO,0, ,Distribuidor,013336232516, , 
FGEJD01,electrica jade,manuel acuna 2509ladron de guevara ,jalisco,GUADALAJARA,0, ,Distribuidor,36161091 36168412, , 
LJEL01,electrica lafayette,chapultepec nte. 147 sector ,GUADALAJARA,JALISCO,0, ,Distribuidor,36154295, , 
FEF05,ELECTRO FER S.A. DE  C.V. ,AV. DE LA PAZ No. 1136,MEXICALTZINGO,GUADALAJARA JAL.,44180,,Distribuidor,,,
FJEI03,ELECTRO INDUSTRIAL OLIDE S.A. DE C.V.,8 DE JULIO NO. 3610-B S.J,,LOMAS DE POLA,GUADALAJARA JALISCO, ,Distribuidor Calificado,36452082, , 
FGELE01,elektron de gdl,calzada de las aguilas #920moderna cp 4,jalisco,GUADALAJARA,0, ,Distribuidor,38118571, , 
FEMI01,EQUIPAMIENTO DE MOBILIARIO INDL. S.A.CV,MESA CENTRAL 1074,COL. SAN MARCOS,GUADALAJARA JAL.,,,Publico,3336389891,,
FJGJ01,gerardo javier torres ,8 DE JULIO NO. 3172lomas de polanco,GUADALAJARA,GUADALAJARA,0, ,Distribuidor, 013336637119  12040, , 
FPGI01,GRUPO ICEC S.A. DE C.V.,PINO No 1609-A,GUADALAJARA,GUADALAJARA,44900, ,Publico, , , 
FICO25,ILUMINACION  Y CONTROL OCCIDENTE,AV. JAVIER MINA 696-A,SECTOR LIBERTAD,GUADALAJARA JAL.,,,Distribuidor,33 36181712,PATRICIA VALDEZ,
FJICD01,iluminacion y control del occidente s.a ,javier mina 696-A sector libertad,GUADALAJARA,JALISCO,0, ,Distribuidor,36181712, , 
FJIMG01,impulsora de gudalajara,8 de julio moderna,guadalajara,JALISCO,0, ,Distribuidor,0133, , 
FIDS15,ING. DISE,VOLCAN CAYAMBENO. 5606,PANORAMICA  GUADALAJARA,PANORAMICA  GUADALAJARA,44259,,Distribuidor,,,
JPEC14,JORGE PERALTA CASILLAS,AV. LOPEZ MATEOS NORTE 560,LADRON DE GUEVARA,GUADALAJARA JAL.,44600,,Distribuidor,,,
FJRS18,JOSE RICARDO SAUCEDO GOMAR,MANZANO NO. 124,COL. CENTRO ,GUADALAJARA  JAL.,JALISCO,,Distribuidor,33 35865052,PATRICIA VALDEZ,saucedo_gomar@hotmail.com
FLMLB16,MA DE LA LUZ BUGARIN ARTEAGA,LEANDRO VALLLE 70,MEXICALTZINGO,GUADALAJARA JAL.,,,Distribuidor,3336133176,,atencionalclientedie@hotmail.com
FJMS01,MAGDALENA SOFIA TOVAR CALLEROS,C. MORELOS 306-B,GUADALAJARA,GUADALAJARA,47270, ,Publico, , , 
FJMM01,MARTINEZ MU,CALZ. INDEPENDENCIA SUR NO. 398,GUADALAJARA,GUADALAJARA,44100, ,Distribuidor Calificado, , , 
FGMMT01,miguel muniz torres,calzada del campesino #1159moderna,GUADALAJARA,GUADALAJARA,0, ,Distribuidor,36192741, , 
FJEM01,MIGUEL MUNIZ TORRES,CALZ. DEL CAMPESINO NO. 1159,GUADALAJARA,GUADALAJARA,44190, ,Distribuidor Calificado, , , 
FMSR28,MOVICLIMA S DE R.L. DE C.V.,Guayaquil No. 2823,Providencia 2da. Secc.,Guadalajara Jalisco,44630,,Publico,,,
FJNEA01,nueva electrica ar,av miguel lopez de legaspi 169118 de ma,GUADALAJARA,GUADALAJARA,0, ,Distribuidor,013335634909, , 
FPVO21,PATRICIA MARIA VALDEZ ORTIZ,ARTES 2282 EDIF. B-2,COL. LOMAS DE REVOLUCION,GUADALAJARA JAL.,,,Distribuidor,3311106952,PATRICIA M. VALDEZ,
FPVJ08,PROVEJAL  S.A. DE C.V.,CHICAGO 1278,FERROCARRIL,GUADALAJARA JAL.,44460,,Distribuidor,,,
FGRB01,rafael bravo torres,teran 331 letra A cp 44000sector hidalg,guadalajara,JALISCO,0, ,Distribuidor,013338256131, , 
FGRBT01,rafael bravo torres,teran #331sector hidalgo,GUADALAJARA,GUADALAJARA,0, ,Distribuidor,38256131, , 
FJRR01,RESISTENCIAS RAF S.A. DE C.V.,REFORMA NO. 1462 ,SANTA TERESITA,GUADALAJARA JALISCO,C.P. 44600, ,Distribuidor,013338255225, , 
FSLS26,SANDRA LOURDES SANCHEZ FLORES,CIRCUNVALACION AGUSTIN YAÑEZ 1211,MODERNA,GUADALAJARA JALISCO,,,Distribuidor,,,
LJSEN01,sensa guadalajara,av alemania 1694 cp 44190moderna,guadalajara,JALISCO,0, ,Distribuidor,013338110310, , 
FSPR26,SILVIA PEREZ RAMON,AV. ISLA COZUMEL NO.3179,COL. JARDINES DEL SUR,GUADALAJARA JAL.,,,Autoservicio,33 1204-5868,,
FVHS26,VH SERVICIOS INTEGRALES S.A. DE C.V.,ISLAS RODAS No. 3089,COL. JARDINES DEL SUR,GUADALAJARA JAL.,,,Autoservicio,33 33311637,,vh_serviciosintegrales@yahoo.com.mx
FVHU17,VICTOR HUGO URIBE MORENO,PUERTO AGIABAMPO No.94,PROVIDENCIA,GUADALAJARAJAL.,44320,,Publico,,,
FVHU05,VICTOR HUGO URIBE MORENO,PUERTO AGIABAMPO NO. 94,GUADALAJARA,GUADALAJARA,44320, ,Publico, , , 
FYR19,YOLANDA RUVALCABA GUTIERREZ,AV. REVOLUCION NO. 1830,COL. OLIMPICA,GUADALAJARA,JALISCO,,Distribuidor,33 36358585,,unilight _gdl@gotmail.com
FZAE23,ZET APOYOS EMPRESARIALES S.A. DE C.V.,CUAUTITLAN 684 ,CHAPALITA ORIENTE,GUADALAJARA JAL.,45040,,Publico,,,
