"Informe de Orden de Compra","Detail Por Número de Pedido
"Tipo de Fecha","Order"
"Intervalo","01/09/2014 A 04/09/2014"
"Estado del Artículo de la Fila","All"
"Categoría de Existencia","All"
"Nº Pedido","Número de Pieza","Fecha del Pedido","Proveedor Nº","Nombre del Proveedor","Cant. del Pedido","Costo Extendido","Precio Extenso","Cantidad Facturada","Estado de la Línea (contenido)","Deuda del Artículo","Descripción Parcial"
"3411","DIV8P","01/09/2014","EST03","ELECTRONICA TACUBA S.A. DE C.V. (STEREN)",1,170,26,362,07,0,"Completed","01/09/2014","DIVISOR 8 PUERTOS COM-480"
"3412","CU02","01/09/2014","COME02","COMERCIAL MEXICANA, SA. DE CV.",1,6,16,10,00,0,"Completed","01/09/2014","CUCHARAS DESECHABLES PAQ.C/25PZ"
"3412","LP05","01/09/2014","COME02","COMERCIAL MEXICANA, SA. DE CV.",5,00000,48,02,65,95,0,00000,"Completed","01/09/2014","LIMPIADOR AROMA PINO 1LT"
"3412","PS05","01/09/2014","COME02","COMERCIAL MEXICANA, SA. DE CV.",10,68,10,68,50,0,"Completed","01/09/2014","PASTILLA DESODORANTE P/SANITARIO"
"3412","SE07","01/09/2014","COME02","COMERCIAL MEXICANA, SA. DE CV.",1,13,71,20,00,0,"Completed","01/09/2014","SERVILLETAS 500 PZ POR PAQUETE"
"3412","JA14","01/09/2014","COME02","COMERCIAL MEXICANA, SA. DE CV.",1,17,51,17,67,0,"Completed","01/09/2014","JABON LAVATRASTES SALVO 1KG"
"3412","AA01","01/09/2014","COME02","COMERCIAL MEXICANA, SA. DE CV.",3,49,42,54,30,0,"Completed","01/09/2014","AJAX CON AMONIA DE LITRO"
"3412","CL04","01/09/2014","COME02","COMERCIAL MEXICANA, SA. DE CV.",6,00000,38,18,47,34,0,00000,"Completed","01/09/2014","CLORALEX (BOT. DE BLANQUEADOR)"
"3412","JA03","01/09/2014","COME02","COMERCIAL MEXICANA, SA. DE CV.",8,00000,158,70,157,92,0,00000,"Completed","01/09/2014","JABON EN POLVO FOCA"
"3412","FC10","01/09/2014","COME02","COMERCIAL MEXICANA, SA. DE CV.",1,50,13,30,00,0,"Completed","01/09/2014","FILTRO PARA CAFETERA C/500 PZ"
"3412","LP06","01/09/2014","COME02","COMERCIAL MEXICANA, SA. DE CV.",4,00000,48,07,55,20,0,00000,"Completed","01/09/2014","LIMPIADOR  AROMATIZANTE"
"3412","LE05","01/09/2014","COME02","COMERCIAL MEXICANA, SA. DE CV.",12,00000,142,32,150,00,0,00000,"Completed","01/09/2014","LECHE"
"3413","CS28","01/09/2014","SAMS01","SAM¦S CLUB",1,134,37,131,97,0,"Completed","01/09/2014","CAFE SOLUBLE BAKERCHEFS 1KG"
"3413","GA19","01/09/2014","SAMS01","SAM¦S CLUB",6,00000,242,42,367,74,0,00000,"Completed","01/09/2014","GALLETAS SURTIDAS"
"3413","TE48","01/09/2014","SAMS01","SAM¦S CLUB",1,39,73,80,00,0,"Completed","01/09/2014","THE DE MANZANILLA CAJA CON 96 PZAS."
"3414","CA13","01/09/2014","ASIN01","ASOCIACION INTERNACIONAL DE PROVEEDORES,",1.500,00000,2.344,95,2.562,75,0,00000,"Completed","01/09/2014","CABLE THW 90 AF C18 NEGRO 15GR/M"
"3415","CG00","01/09/2014","MATA01","MATERIALES TACUBA-M.PILAR B.TREVILLA A. ",3,00000,12,93,390,00,0,00000,"Completed","01/09/2014","CEMENTO GRIS"
"3415","MOR1","01/09/2014","MATA01","MATERIALES TACUBA-M.PILAR B.TREVILLA A. ",10,10,00,950,00,0,"Completed","01/09/2014","BULTO DE MORTERO"
"3416","AG03","01/09/2014","OSMA01","OSCAR MARTINEZ REYES",16,320,01,320,00,0,"Completed","01/09/2014","AGUA ELECTROPURA PURIFICADA 20 LTS"
"3417","CUR316","01/09/2014","ELSM02","ELECTRICA SN MIGUEL DE MEXICO SA DE CV",100,0,00,996,84,0,"Completed","01/09/2014","CABLE USO RUDO 3H CAL. 16 300V"
"3418","CUR316","02/09/2014","ELSM02","ELECTRICA SN MIGUEL DE MEXICO SA DE CV",900,0,00,8.971,56,0,"Completed","02/09/2014","CABLE USO RUDO 3H CAL. 16 300V"
"3419","PE36","02/09/2014","RIJA01","A4B S DE RL DE CV-PACKINGCENTE",1,160,00,144,38,0,"Completed","02/09/2014","POLY STRECH45CM.ANCHO CAL.80"
"3419","PB10","02/09/2014","RIJA01","A4B S DE RL DE CV-PACKINGCENTE",1,00000,7,59,795,00,0,00000,"Completed","02/09/2014","POLY BURBUJA"
"3419","EN03","02/09/2014","RIJA01","A4B S DE RL DE CV-PACKINGCENTE",1,363,30,590,00,0,"Completed","02/09/2014","ENGRAPADORA PARA FLEJE"
"3420","ZP01","02/09/2014","EL02","ELECTRONICA STEREN,SA DE CV",2.000,167,60,160,00,0,"Completed","02/09/2014","CINCHOS DE PLASTICO T 18 R/TY23BL"
"3421","GA33","02/09/2014","FEJU01","FERRETERIA JUNCO",2,64,66,64,00,0,"Completed","02/09/2014","GAS BUTANO P/SOPLETE"
"3422","EP01","02/09/2014","CAMA01","LOPEZ CRUZ MANUEL CASIMIRO",2,31,04,30,00,0,"Completed","02/09/2014","ENCENDEDOR PARA PARRILLA (MULTIUSOS)"
"3423","PFT01","03/09/2014","ELSM02","ELECTRICA SN MIGUEL DE MEXICO SA DE CV",20,0,00,115,40,0,"Open","03/09/2014","PORTALAMPARA FLUORESCENTE P/TUBO RS (T8) 660W 600V"
"3424","TGI03","03/09/2014","TORN01","TORNIPOLY, SA DE CV",50,0,00,44,50,0,"Open","03/09/2014","TORNILLO CAB. GOTA ACERO INOX.1/8 X 1/2 C/TUERCA"
"3424","PR42","03/09/2014","TORN01","TORNIPOLY, SA DE CV",100,0,00,17,00,0,"Open","03/09/2014","REMACHE  POP 1/8&quot; X 1/4&quot;"
"3425","BP03","03/09/2014","BOL01","LA BOLSITA",7,0,00,238,00,0,"Open","03/09/2014","BOLSAS DE PLASTICO DE 20X30"
"3425","BP44","03/09/2014","BOL01","LA BOLSITA",3,0,00,102,00,0,"Open","03/09/2014","BOLSA 18x25 PARA LAMP DE8B"
"3425","BP29","03/09/2014","BOL01","LA BOLSITA",7,00000,0,00,238,00,0,00000,"Open","03/09/2014","BOLSA DE PLASTICO DE 15X20CM."
"3425","BP07","03/09/2014","BOL01","LA BOLSITA",5,0,00,170,00,0,"Open","03/09/2014","BOLSA DE PLASTICO 25X35 P/AC-127"
"3426","ES02","03/09/2014","INTE05","INTERTRADEFIN S.A. DE C.V.",10,00000,0,00,3.190,00,0,00000,"Open","03/09/2014","SOLDADURA 63/37 EN BARRA"
"3427","TR67","03/09/2014","GPSE01","G P SOLUCIONES EMPRESARIALES, SA DE CV",50,00000,1.109,09,1.100,00,0,00000,"Completed","03/09/2014","TRAPO DE ALGODON P/SERIGRAFIA"
"3428","TU02","03/09/2014","EGTL02","E.G. TLAPALERO SA DE CV ",1,0,00,30,17,0,"Open","03/09/2014","DOWN CORNING SILICON TRANSP 781 300 ML"
"3428","SI20","03/09/2014","EGTL02","E.G. TLAPALERO SA DE CV ",12,0,00,362,04,0,"Open","03/09/2014","SILICON BLANCO CARTUCHO 300ML. SISTA D.CORNING"
"3429","GC01","03/09/2014","CAMA01","LOPEZ CRUZ MANUEL CASIMIRO",2,38,00,90,00,0,"Completed","03/09/2014","GUANTES DE  CUERO"
"3430","CA43","03/09/2014","GIGA03","GIGACOLOR, SA DE CV",2,2,00,54,06,0,"Completed","03/09/2014","CEPILLO DE ALAMBRE DE MANO"
"3430","ES07","03/09/2014","GIGA03","GIGACOLOR, SA DE CV",2,10,42,77,60,0,"Completed","03/09/2014","ESPATULA 3""
"3430","BR81","03/09/2014","GIGA03","GIGACOLOR, SA DE CV",2,57,76,79,66,0,"Completed","03/09/2014","BROCHA 3""
"3430","RP15","03/09/2014","GIGA03","GIGACOLOR, SA DE CV",2,00000,119,12,467,24,0,00000,"Completed","03/09/2014","REMOVEDOR DE PINTURA AUTOMOTIVA"
"3431","PA61","04/09/2014","ELEM01","ESPERANZA CAMACHO CRUZ",15,0,00,222,00,0,"Open","04/09/2014","PASTA PARA SOLDAR SOLDEK 60GRS"
"3432","TRAN15","04/09/2014","DIFA01","JOSE PORCAYO LOPEZ",10,0,00,550,00,0,"Completed","04/09/2014","TRANSFORMADOR 277/120V 15W"
"Totals","Líneas -45"," "," "," ",4.897,00,6.045,56,24.740,86,0,00," "," "
